{"f728207c-9ba2-4166-a9f7-a3aa6dfaa006": {"uses": 0, "last_reset": 1754008034.6646714, "limit": 10}, "bfe23006-8201-4451-b841-aa3178c79ef9": {"uses": 0, "last_reset": 1754010894.5035453, "limit": 10}, "2fc1a386-f398-44ea-8094-4ce71dc7bfd9": {"uses": 0, "last_reset": 1754015015.3421166, "limit": 10}}